{
  "timestamp": "2025-11-16T20:38:45.144441",
  "peak_memory_mb": 17.45703125,
  "average_memory_mb": 17.45703125,
  "total_uptime": 2.1296255588531494,
  "operation_count": 4
}